-- phpMyAdmin SQL Dump
-- version 4.5.4.1deb2ubuntu2.1
-- http://www.phpmyadmin.net
--
-- Хост: localhost
-- Время создания: Янв 26 2019 г., 12:38
-- Версия сервера: 5.7.25-0ubuntu0.16.04.2
-- Версия PHP: 7.2.13-1+ubuntu16.04.1+deb.sury.org+1

SET SQL_MODE = "NO_AUTO_VALUE_ON_ZERO";
SET time_zone = "+00:00";


/*!40101 SET @OLD_CHARACTER_SET_CLIENT=@@CHARACTER_SET_CLIENT */;
/*!40101 SET @OLD_CHARACTER_SET_RESULTS=@@CHARACTER_SET_RESULTS */;
/*!40101 SET @OLD_COLLATION_CONNECTION=@@COLLATION_CONNECTION */;
/*!40101 SET NAMES utf8mb4 */;

--
-- База данных: `roulette`
--

-- --------------------------------------------------------

--
-- Структура таблицы `accounts`
--

CREATE TABLE `accounts` (
  `id` mediumint(8) UNSIGNED NOT NULL,
  `social_net` tinyint(1) UNSIGNED DEFAULT NULL,
  `social_id` bigint(20) UNSIGNED DEFAULT NULL
) ENGINE=InnoDB DEFAULT CHARSET=latin1;

--
-- Дамп данных таблицы `accounts`
--

INSERT INTO `accounts` (`id`, `social_net`, `social_id`) VALUES
(1, 1, 2508800085858735),
(6, 1, 765431103815504),
(7, 2, 35889640),
(8, 1, 111079293334625),
(9, 2, 12268731);

-- --------------------------------------------------------

--
-- Структура таблицы `balance`
--

CREATE TABLE `balance` (
  `id` mediumint(8) UNSIGNED NOT NULL,
  `CRD` int(11) NOT NULL DEFAULT '0'
) ENGINE=InnoDB DEFAULT CHARSET=latin1;

--
-- Дамп данных таблицы `balance`
--

INSERT INTO `balance` (`id`, `CRD`) VALUES
(1, 10300),
(6, 10060),
(7, 10000),
(8, 10000),
(9, 9980);

-- --------------------------------------------------------

--
-- Структура таблицы `roulette`
--

CREATE TABLE `roulette` (
  `id` tinyint(1) UNSIGNED NOT NULL,
  `round_number` bigint(20) UNSIGNED NOT NULL DEFAULT '1'
) ENGINE=InnoDB DEFAULT CHARSET=latin1;

--
-- Дамп данных таблицы `roulette`
--

INSERT INTO `roulette` (`id`, `round_number`) VALUES
(1, 1070);

-- --------------------------------------------------------

--
-- Структура таблицы `roulette_bets`
--

CREATE TABLE `roulette_bets` (
  `id` bigint(20) UNSIGNED NOT NULL,
  `account_id` mediumint(8) UNSIGNED NOT NULL,
  `roulette_id` tinyint(1) UNSIGNED NOT NULL,
  `raund_number` bigint(20) UNSIGNED NOT NULL,
  `type` tinyint(1) UNSIGNED NOT NULL,
  `number` tinyint(1) UNSIGNED NOT NULL,
  `amount` int(10) UNSIGNED NOT NULL,
  `win` tinyint(1) UNSIGNED NOT NULL DEFAULT '0'
) ENGINE=InnoDB DEFAULT CHARSET=latin1;

--
-- Дамп данных таблицы `roulette_bets`
--

INSERT INTO `roulette_bets` (`id`, `account_id`, `roulette_id`, `raund_number`, `type`, `number`, `amount`, `win`) VALUES
(1, 1, 1, 3, 0, 3, 10, 1),
(2, 1, 1, 113, 3, 3, 10, 1),
(3, 1, 1, 138, 5, 1, 10, 0),
(4, 1, 1, 138, 5, 2, 10, 1),
(5, 1, 1, 178, 5, 0, 10, 0),
(6, 1, 1, 179, 5, 0, 10, 0),
(7, 1, 1, 179, 5, 1, 10, 1),
(8, 1, 1, 207, 8, 0, 10, 0),
(9, 1, 1, 207, 7, 0, 10, 1),
(10, 6, 1, 690, 3, 1, 10, 1),
(11, 6, 1, 690, 0, 17, 10, 0),
(12, 9, 1, 761, 1, 21, 10, 0),
(13, 9, 1, 761, 1, 3, 10, 0);

-- --------------------------------------------------------

--
-- Структура таблицы `roulette_stat`
--

CREATE TABLE `roulette_stat` (
  `id` tinyint(1) UNSIGNED NOT NULL COMMENT 'ID рулетки',
  `raund_number` bigint(20) UNSIGNED NOT NULL COMMENT 'Номер раунда',
  `number` tinyint(1) UNSIGNED NOT NULL COMMENT 'Выпавший на рулетке номер'
) ENGINE=InnoDB DEFAULT CHARSET=latin1;

--
-- Дамп данных таблицы `roulette_stat`
--

INSERT INTO `roulette_stat` (`id`, `raund_number`, `number`) VALUES
(1, 1, 1),
(1, 1, 1),
(1, 2, 2),
(1, 3, 3),
(1, 1, 1),
(1, 1, 1),
(1, 2, 2),
(1, 3, 3),
(1, 4, 4),
(1, 5, 1),
(1, 6, 2),
(1, 7, 3),
(1, 8, 4),
(1, 9, 1),
(1, 10, 2),
(1, 11, 3),
(1, 12, 4),
(1, 13, 1),
(1, 14, 2),
(1, 15, 3),
(1, 16, 4),
(1, 17, 1),
(1, 18, 2),
(1, 19, 3),
(1, 20, 4),
(1, 1, 1),
(1, 2, 2),
(1, 3, 3),
(1, 4, 4),
(1, 5, 1),
(1, 6, 2),
(1, 7, 3),
(1, 8, 4),
(1, 9, 1),
(1, 10, 2),
(1, 11, 3),
(1, 1, 1),
(1, 2, 2),
(1, 3, 3),
(1, 4, 4),
(1, 5, 1),
(1, 6, 2),
(1, 7, 3),
(1, 8, 4),
(1, 9, 1),
(1, 10, 2),
(1, 11, 3),
(1, 12, 4),
(1, 13, 1),
(1, 14, 2),
(1, 15, 3),
(1, 16, 4),
(1, 17, 1),
(1, 18, 2),
(1, 19, 3),
(1, 20, 4),
(1, 21, 1),
(1, 22, 2),
(1, 23, 3),
(1, 24, 4),
(1, 25, 1),
(1, 26, 2),
(1, 27, 3),
(1, 28, 4),
(1, 29, 1),
(1, 30, 2),
(1, 31, 3),
(1, 32, 4),
(1, 33, 1),
(1, 34, 2),
(1, 35, 3),
(1, 36, 4),
(1, 37, 1),
(1, 38, 2),
(1, 39, 3),
(1, 40, 4),
(1, 41, 1),
(1, 42, 2),
(1, 43, 3),
(1, 44, 4),
(1, 45, 1),
(1, 46, 2),
(1, 47, 3),
(1, 48, 4),
(1, 49, 1),
(1, 50, 2),
(1, 51, 3),
(1, 52, 4),
(1, 53, 1),
(1, 54, 2),
(1, 55, 3),
(1, 56, 4),
(1, 57, 1),
(1, 58, 2),
(1, 59, 3),
(1, 60, 4),
(1, 61, 1),
(1, 62, 2),
(1, 1, 1),
(1, 2, 2),
(1, 3, 3),
(1, 4, 4),
(1, 5, 1),
(1, 6, 2),
(1, 7, 3),
(1, 8, 4),
(1, 9, 1),
(1, 10, 2),
(1, 11, 3),
(1, 12, 4),
(1, 13, 1),
(1, 14, 2),
(1, 15, 3),
(1, 16, 4),
(1, 17, 1),
(1, 18, 2),
(1, 19, 3),
(1, 20, 4),
(1, 21, 1),
(1, 22, 2),
(1, 23, 3),
(1, 24, 4),
(1, 26, 35),
(1, 27, 12),
(1, 28, 17),
(1, 29, 22),
(1, 30, 27),
(1, 31, 32),
(1, 32, 1),
(1, 33, 6),
(1, 34, 11),
(1, 35, 17),
(1, 36, 22),
(1, 37, 26),
(1, 38, 4),
(1, 39, 9),
(1, 40, 14),
(1, 41, 19),
(1, 42, 24),
(1, 43, 29),
(1, 44, 34),
(1, 45, 3),
(1, 46, 8),
(1, 47, 13),
(1, 48, 26),
(1, 49, 31),
(1, 50, 36),
(1, 51, 5),
(1, 52, 10),
(1, 53, 15),
(1, 54, 20),
(1, 55, 25),
(1, 56, 30),
(1, 57, 35),
(1, 58, 12),
(1, 59, 17),
(1, 60, 22),
(1, 61, 27),
(1, 62, 32),
(1, 63, 2),
(1, 64, 7),
(1, 65, 12),
(1, 66, 16),
(1, 67, 22),
(1, 68, 35),
(1, 69, 4),
(1, 70, 9),
(1, 71, 14),
(1, 72, 19),
(1, 73, 24),
(1, 74, 29),
(1, 75, 34),
(1, 76, 3),
(1, 77, 8),
(1, 78, 13),
(1, 79, 26),
(1, 80, 31),
(1, 81, 36),
(1, 82, 5),
(1, 83, 10),
(1, 84, 15),
(1, 85, 20),
(1, 86, 25),
(1, 87, 30),
(1, 88, 36),
(1, 89, 13),
(1, 90, 17),
(1, 91, 23),
(1, 92, 28),
(1, 93, 33),
(1, 94, 2),
(1, 95, 7),
(1, 96, 12),
(1, 97, 17),
(1, 98, 22),
(1, 99, 35),
(1, 100, 4),
(1, 101, 9),
(1, 102, 14),
(1, 103, 19),
(1, 104, 24),
(1, 105, 29),
(1, 106, 34),
(1, 107, 3),
(1, 108, 8),
(1, 109, 21),
(1, 110, 26),
(1, 111, 31),
(1, 112, 1),
(1, 113, 6),
(1, 114, 10),
(1, 115, 15),
(1, 116, 21),
(1, 117, 26),
(1, 118, 31),
(1, 119, 8),
(1, 120, 13),
(1, 121, 18),
(1, 122, 23),
(1, 123, 28),
(1, 124, 33),
(1, 125, 2),
(1, 126, 7),
(1, 127, 12),
(1, 128, 17),
(1, 129, 22),
(1, 130, 35),
(1, 131, 4),
(1, 132, 9),
(1, 133, 14),
(1, 134, 19),
(1, 135, 24),
(1, 136, 29),
(1, 137, 34),
(1, 138, 3),
(1, 139, 8),
(1, 140, 22),
(1, 141, 27),
(1, 142, 32),
(1, 143, 36),
(1, 144, 6),
(1, 145, 11),
(1, 146, 16),
(1, 147, 21),
(1, 148, 26),
(1, 149, 31),
(1, 150, 8),
(1, 151, 13),
(1, 152, 18),
(1, 153, 23),
(1, 154, 28),
(1, 155, 33),
(1, 156, 2),
(1, 157, 7),
(1, 158, 12),
(1, 159, 17),
(1, 160, 30),
(1, 161, 35),
(1, 162, 4),
(1, 163, 9),
(1, 164, 14),
(1, 165, 20),
(1, 166, 25),
(1, 167, 29),
(1, 168, 35),
(1, 169, 4),
(1, 170, 9),
(1, 171, 22),
(1, 172, 27),
(1, 173, 32),
(1, 174, 1),
(1, 175, 6),
(1, 176, 11),
(1, 177, 16),
(1, 178, 21),
(1, 179, 26),
(1, 180, 31),
(1, 181, 8),
(1, 182, 13),
(1, 183, 18),
(1, 184, 23),
(1, 185, 28),
(1, 186, 33),
(1, 187, 2),
(1, 188, 7),
(1, 189, 13),
(1, 190, 17),
(1, 191, 30),
(1, 192, 35),
(1, 193, 5),
(1, 194, 10),
(1, 195, 15),
(1, 196, 20),
(1, 197, 25),
(1, 198, 30),
(1, 199, 35),
(1, 200, 4),
(1, 201, 17),
(1, 202, 22),
(1, 203, 27),
(1, 204, 32),
(1, 205, 1),
(1, 206, 6),
(1, 207, 11),
(1, 208, 16),
(1, 209, 21),
(1, 210, 26),
(1, 211, 31),
(1, 212, 8),
(1, 213, 13),
(1, 214, 18),
(1, 215, 23),
(1, 216, 28),
(1, 217, 34),
(1, 218, 3),
(1, 219, 7),
(1, 220, 12),
(1, 221, 18),
(1, 222, 31),
(1, 223, 36),
(1, 224, 5),
(1, 225, 10),
(1, 226, 15),
(1, 227, 20),
(1, 228, 25),
(1, 229, 30),
(1, 230, 35),
(1, 231, 4),
(1, 232, 17),
(1, 233, 22),
(1, 234, 27),
(1, 235, 32),
(1, 236, 1),
(1, 237, 6),
(1, 238, 11),
(1, 239, 16),
(1, 240, 21),
(1, 241, 26),
(1, 242, 4),
(1, 243, 8),
(1, 244, 13),
(1, 245, 18),
(1, 246, 24),
(1, 247, 29),
(1, 248, 33),
(1, 249, 3),
(1, 250, 8),
(1, 251, 13),
(1, 252, 18),
(1, 253, 31),
(1, 254, 36),
(1, 255, 5),
(1, 256, 10),
(1, 257, 15),
(1, 258, 20),
(1, 259, 25),
(1, 260, 30),
(1, 261, 35),
(1, 262, 4),
(1, 263, 17),
(1, 264, 22),
(1, 265, 27),
(1, 266, 32),
(1, 267, 1),
(1, 268, 6),
(1, 269, 11),
(1, 270, 17),
(1, 271, 22),
(1, 272, 26),
(1, 273, 3),
(1, 274, 9),
(1, 275, 14),
(1, 276, 19),
(1, 277, 24),
(1, 278, 29),
(1, 279, 34),
(1, 280, 3),
(1, 281, 8),
(1, 282, 13),
(1, 283, 26),
(1, 284, 31),
(1, 285, 36),
(1, 286, 5),
(1, 287, 10),
(1, 288, 15),
(1, 289, 20),
(1, 290, 25),
(1, 291, 30),
(1, 292, 35),
(1, 293, 4),
(1, 294, 17),
(1, 295, 22),
(1, 296, 27),
(1, 297, 32),
(1, 298, 2),
(1, 299, 7),
(1, 300, 12),
(1, 301, 16),
(1, 302, 22),
(1, 303, 27),
(1, 304, 4),
(1, 305, 9),
(1, 306, 14),
(1, 307, 19),
(1, 308, 24),
(1, 309, 29),
(1, 310, 34),
(1, 311, 3),
(1, 312, 8),
(1, 313, 13),
(1, 314, 26),
(1, 315, 31),
(1, 316, 36),
(1, 317, 5),
(1, 318, 10),
(1, 319, 15),
(1, 320, 20),
(1, 321, 25),
(1, 322, 30),
(1, 323, 36),
(1, 324, 13),
(1, 325, 17),
(1, 326, 23),
(1, 327, 28),
(1, 328, 33),
(1, 329, 2),
(1, 330, 7),
(1, 331, 12),
(1, 332, 17),
(1, 333, 22),
(1, 334, 27),
(1, 335, 4),
(1, 336, 9),
(1, 337, 14),
(1, 338, 19),
(1, 339, 24),
(1, 340, 29),
(1, 341, 34),
(1, 342, 3),
(1, 343, 8),
(1, 344, 13),
(1, 345, 26),
(1, 346, 31),
(1, 347, 1),
(1, 348, 5),
(1, 349, 10),
(1, 350, 15),
(1, 351, 21),
(1, 352, 26),
(1, 353, 31),
(1, 354, 36),
(1, 355, 13),
(1, 356, 18),
(1, 357, 23),
(1, 358, 28),
(1, 359, 33),
(1, 360, 2),
(1, 361, 7),
(1, 362, 12),
(1, 363, 17),
(1, 364, 22),
(1, 365, 35),
(1, 366, 4),
(1, 367, 9),
(1, 368, 14),
(1, 369, 19),
(1, 370, 24),
(1, 371, 29),
(1, 372, 34),
(1, 373, 3),
(1, 374, 8),
(1, 375, 14),
(1, 376, 27),
(1, 377, 32),
(1, 378, 36),
(1, 379, 6),
(1, 380, 11),
(1, 381, 16),
(1, 382, 21),
(1, 383, 26),
(1, 384, 31),
(1, 385, 36),
(1, 386, 13),
(1, 387, 18),
(1, 388, 23),
(1, 389, 28),
(1, 390, 33),
(1, 391, 2),
(1, 392, 7),
(1, 393, 12),
(1, 394, 17),
(1, 395, 22),
(1, 396, 35),
(1, 397, 4),
(1, 398, 9),
(1, 399, 14),
(1, 400, 20),
(1, 401, 24),
(1, 402, 29),
(1, 403, 34),
(1, 404, 4),
(1, 405, 9),
(1, 406, 22),
(1, 407, 27),
(1, 408, 32),
(1, 409, 1),
(1, 410, 6),
(1, 411, 11),
(1, 412, 16),
(1, 413, 21),
(1, 414, 26),
(1, 415, 31),
(1, 416, 36),
(1, 417, 13),
(1, 418, 18),
(1, 419, 23),
(1, 420, 28),
(1, 421, 33),
(1, 422, 2),
(1, 423, 7),
(1, 424, 12),
(1, 425, 17),
(1, 426, 22),
(1, 427, 35),
(1, 428, 5),
(1, 429, 10),
(1, 430, 15),
(1, 431, 19),
(1, 432, 25),
(1, 433, 30),
(1, 434, 35),
(1, 435, 4),
(1, 436, 9),
(1, 437, 22),
(1, 438, 27),
(1, 439, 32),
(1, 440, 1),
(1, 441, 6),
(1, 442, 11),
(1, 443, 16),
(1, 444, 21),
(1, 445, 26),
(1, 446, 31),
(1, 447, 8),
(1, 448, 13),
(1, 449, 18),
(1, 450, 23),
(1, 451, 28),
(1, 452, 33),
(1, 453, 3),
(1, 454, 8),
(1, 455, 12),
(1, 456, 18),
(1, 457, 23),
(1, 458, 36),
(1, 459, 5),
(1, 460, 10),
(1, 461, 15),
(1, 462, 20),
(1, 463, 25),
(1, 464, 30),
(1, 465, 35),
(1, 466, 4),
(1, 467, 9),
(1, 468, 22),
(1, 469, 27),
(1, 470, 32),
(1, 471, 1),
(1, 472, 6),
(1, 473, 11),
(1, 474, 16),
(1, 478, 16),
(1, 479, 21),
(1, 480, 26),
(1, 481, 31),
(1, 482, 36),
(1, 483, 5),
(1, 484, 18),
(1, 485, 23),
(1, 486, 28),
(1, 487, 33),
(1, 488, 2),
(1, 489, 8),
(1, 490, 13),
(1, 491, 17),
(1, 492, 22),
(1, 493, 28),
(1, 494, 5),
(1, 495, 10),
(1, 496, 15),
(1, 497, 20),
(1, 498, 25),
(1, 499, 30),
(1, 500, 35),
(1, 501, 4),
(1, 502, 9),
(1, 503, 14),
(1, 504, 27),
(1, 505, 32),
(1, 506, 1),
(1, 507, 6),
(1, 508, 11),
(1, 509, 16),
(1, 510, 21),
(1, 511, 26),
(1, 512, 31),
(1, 513, 36),
(1, 514, 14),
(1, 515, 18),
(1, 516, 23),
(1, 517, 28),
(1, 518, 34),
(1, 519, 3),
(1, 521, 33),
(1, 522, 2),
(1, 523, 7),
(1, 524, 12),
(1, 525, 17),
(1, 526, 22),
(1, 527, 27),
(1, 528, 32),
(1, 529, 1),
(1, 530, 15),
(1, 531, 20),
(1, 532, 24),
(1, 533, 29),
(1, 534, 35),
(1, 535, 4),
(1, 536, 9),
(1, 537, 14),
(1, 538, 19),
(1, 539, 24),
(1, 540, 1),
(1, 541, 6),
(1, 542, 11),
(1, 543, 16),
(1, 544, 21),
(1, 545, 26),
(1, 546, 31),
(1, 547, 36),
(1, 548, 5),
(1, 549, 10),
(1, 550, 15),
(1, 551, 28),
(1, 552, 33),
(1, 553, 2),
(1, 554, 7),
(1, 555, 13),
(1, 556, 17),
(1, 557, 22),
(1, 558, 27),
(1, 559, 33),
(1, 560, 2),
(1, 561, 15),
(1, 562, 20),
(1, 563, 25),
(1, 564, 30),
(1, 565, 35),
(1, 566, 4),
(1, 567, 9),
(1, 568, 14),
(1, 569, 19),
(1, 570, 24),
(1, 571, 1),
(1, 572, 6),
(1, 573, 11),
(1, 574, 16),
(1, 575, 21),
(1, 576, 26),
(1, 577, 31),
(1, 578, 36),
(1, 579, 5),
(1, 580, 10),
(1, 581, 23),
(1, 582, 28),
(1, 583, 34),
(1, 584, 3),
(1, 585, 7),
(1, 586, 12),
(1, 587, 18),
(1, 588, 23),
(1, 589, 28),
(1, 590, 33),
(1, 591, 10),
(1, 592, 15),
(1, 593, 20),
(1, 594, 25),
(1, 595, 30),
(1, 596, 35),
(1, 597, 4),
(1, 598, 9),
(1, 599, 14),
(1, 600, 19),
(1, 601, 24),
(1, 602, 1),
(1, 603, 6),
(1, 604, 11),
(1, 605, 16),
(1, 606, 21),
(1, 607, 26),
(1, 608, 32),
(1, 609, 36),
(1, 610, 5),
(1, 611, 11),
(1, 612, 24),
(1, 613, 29),
(1, 614, 34),
(1, 615, 3),
(1, 616, 8),
(1, 617, 13),
(1, 618, 18),
(1, 619, 23),
(1, 620, 28),
(1, 621, 33),
(1, 622, 10),
(1, 623, 15),
(1, 624, 20),
(1, 625, 25),
(1, 626, 30),
(1, 627, 35),
(1, 628, 4),
(1, 629, 9),
(1, 630, 14),
(1, 631, 19),
(1, 632, 32),
(1, 633, 1),
(1, 634, 6),
(1, 635, 11),
(1, 636, 17),
(1, 637, 22),
(1, 638, 26),
(1, 639, 32),
(1, 640, 1),
(1, 641, 6),
(1, 642, 11),
(1, 643, 24),
(1, 644, 29),
(1, 645, 34),
(1, 646, 3),
(1, 647, 8),
(1, 648, 13),
(1, 649, 18),
(1, 650, 23),
(1, 651, 28),
(1, 652, 33),
(1, 653, 10),
(1, 654, 15),
(1, 655, 20),
(1, 656, 25),
(1, 657, 30),
(1, 658, 35),
(1, 659, 4),
(1, 660, 10),
(1, 661, 15),
(1, 662, 19),
(1, 663, 32),
(1, 664, 2),
(1, 665, 7),
(1, 666, 12),
(1, 667, 17),
(1, 668, 22),
(1, 669, 27),
(1, 670, 32),
(1, 671, 1),
(1, 672, 6),
(1, 673, 19),
(1, 674, 24),
(1, 675, 29),
(1, 676, 34),
(1, 677, 3),
(1, 678, 8),
(1, 679, 13),
(1, 680, 18),
(1, 681, 23),
(1, 682, 28),
(1, 683, 33),
(1, 684, 10),
(1, 685, 15),
(1, 686, 20),
(1, 687, 25),
(1, 688, 31),
(1, 689, 36),
(1, 690, 5),
(1, 691, 9),
(1, 692, 15),
(1, 693, 20),
(1, 694, 33),
(1, 695, 2),
(1, 696, 7),
(1, 697, 12),
(1, 698, 17),
(1, 699, 22),
(1, 700, 27),
(1, 701, 32),
(1, 702, 1),
(1, 703, 6),
(1, 704, 19),
(1, 705, 24),
(1, 706, 29),
(1, 707, 34),
(1, 708, 3),
(1, 709, 8),
(1, 710, 13),
(1, 711, 18),
(1, 712, 23),
(1, 713, 29),
(1, 714, 6),
(1, 715, 10),
(1, 716, 15),
(1, 717, 21),
(1, 718, 26),
(1, 719, 31),
(1, 720, 36),
(1, 721, 5),
(1, 722, 10),
(1, 723, 15),
(1, 724, 20),
(1, 725, 33),
(1, 726, 2),
(1, 727, 7),
(1, 728, 12),
(1, 729, 17),
(1, 730, 22),
(1, 731, 27),
(1, 732, 32),
(1, 733, 1),
(1, 734, 6),
(1, 735, 19),
(1, 736, 24),
(1, 737, 29),
(1, 738, 34),
(1, 739, 3),
(1, 740, 8),
(1, 741, 14),
(1, 742, 19),
(1, 743, 24),
(1, 744, 28),
(1, 745, 6),
(1, 746, 11),
(1, 747, 16),
(1, 748, 21),
(1, 749, 26),
(1, 750, 31),
(1, 751, 36),
(1, 752, 5),
(1, 753, 10),
(1, 754, 15),
(1, 755, 28),
(1, 756, 33),
(1, 757, 2),
(1, 758, 7),
(1, 759, 12),
(1, 760, 17),
(1, 761, 22),
(1, 762, 28),
(1, 763, 32),
(1, 764, 1),
(1, 765, 6),
(1, 766, 20),
(1, 767, 25),
(1, 768, 30),
(1, 769, 35),
(1, 770, 4),
(1, 771, 9),
(1, 772, 14),
(1, 773, 19),
(1, 774, 24),
(1, 775, 29),
(1, 776, 6),
(1, 777, 11),
(1, 778, 16),
(1, 779, 21),
(1, 780, 26),
(1, 781, 31),
(1, 782, 36),
(1, 783, 5),
(1, 784, 10),
(1, 785, 15),
(1, 786, 28),
(1, 787, 33),
(1, 788, 2),
(1, 789, 7),
(1, 790, 13),
(1, 791, 18),
(1, 792, 22),
(1, 793, 27),
(1, 794, 33),
(1, 795, 2),
(1, 796, 15),
(1, 797, 20),
(1, 798, 25),
(1, 799, 30),
(1, 800, 35),
(1, 801, 4),
(1, 802, 9),
(1, 803, 14),
(1, 804, 19),
(1, 805, 24),
(1, 806, 29),
(1, 807, 6),
(1, 808, 11),
(1, 809, 16),
(1, 810, 21),
(1, 811, 26),
(1, 812, 31),
(1, 813, 36),
(1, 814, 5),
(1, 815, 11),
(1, 816, 15),
(1, 817, 28),
(1, 818, 34),
(1, 819, 3),
(1, 820, 8),
(1, 821, 13),
(1, 822, 18),
(1, 823, 23),
(1, 824, 28),
(1, 825, 33),
(1, 826, 2),
(1, 827, 15),
(1, 828, 20),
(1, 829, 25),
(1, 830, 30),
(1, 831, 35),
(1, 832, 4),
(1, 833, 9),
(1, 834, 14),
(1, 835, 19),
(1, 836, 24),
(1, 837, 1),
(1, 838, 6),
(1, 839, 12),
(1, 840, 16),
(1, 841, 21),
(1, 842, 26),
(1, 843, 32),
(1, 844, 1),
(1, 845, 6),
(1, 846, 11),
(1, 847, 16),
(1, 848, 29),
(1, 849, 34),
(1, 850, 3),
(1, 851, 8),
(1, 852, 13),
(1, 853, 18),
(1, 854, 23),
(1, 855, 28),
(1, 856, 33),
(1, 857, 2),
(1, 858, 15),
(1, 859, 20),
(1, 860, 25),
(1, 861, 30),
(1, 862, 35),
(1, 863, 4),
(1, 864, 9),
(1, 865, 14),
(1, 866, 19),
(1, 867, 25),
(1, 868, 2),
(1, 869, 6),
(1, 870, 11),
(1, 871, 17),
(1, 872, 22),
(1, 873, 27),
(1, 874, 32),
(1, 875, 1),
(1, 876, 6),
(1, 877, 11),
(1, 878, 24),
(1, 879, 29),
(1, 880, 34),
(1, 881, 3),
(1, 882, 8),
(1, 883, 13),
(1, 884, 18),
(1, 885, 23),
(1, 886, 28),
(1, 887, 33),
(1, 888, 2),
(1, 889, 15),
(1, 890, 20),
(1, 891, 25),
(1, 892, 31),
(1, 893, 35),
(1, 894, 4),
(1, 895, 10),
(1, 896, 15),
(1, 897, 20),
(1, 898, 25),
(1, 899, 2),
(1, 900, 7),
(1, 901, 12),
(1, 902, 17),
(1, 903, 22),
(1, 904, 27),
(1, 905, 32),
(1, 906, 1),
(1, 907, 6),
(1, 908, 11),
(1, 909, 24),
(1, 910, 29),
(1, 911, 34),
(1, 912, 3),
(1, 913, 8),
(1, 914, 13),
(1, 915, 18),
(1, 916, 23),
(1, 917, 28),
(1, 918, 33),
(1, 919, 10),
(1, 920, 16),
(1, 921, 21),
(1, 922, 25),
(1, 923, 30),
(1, 924, 36),
(1, 925, 5),
(1, 926, 10),
(1, 927, 15),
(1, 928, 20),
(1, 929, 25),
(1, 930, 2),
(1, 931, 7),
(1, 932, 12),
(1, 933, 17),
(1, 934, 22),
(1, 935, 27),
(1, 936, 32),
(1, 937, 1),
(1, 938, 6),
(1, 939, 11),
(1, 940, 24),
(1, 941, 29),
(1, 942, 34),
(1, 943, 3),
(1, 944, 8),
(1, 945, 13),
(1, 946, 18),
(1, 947, 23),
(1, 948, 29),
(1, 949, 34),
(1, 950, 11),
(1, 951, 15),
(1, 952, 21),
(1, 953, 26),
(1, 954, 31),
(1, 955, 36),
(1, 956, 5),
(1, 957, 10),
(1, 958, 15),
(1, 959, 20),
(1, 960, 33),
(1, 961, 2),
(1, 962, 7),
(1, 963, 12),
(1, 964, 17),
(1, 965, 22),
(1, 966, 27),
(1, 967, 32),
(1, 968, 1),
(1, 969, 6),
(1, 970, 11),
(1, 971, 24),
(1, 972, 29),
(1, 973, 35),
(1, 974, 4),
(1, 975, 8),
(1, 976, 14),
(1, 977, 19),
(1, 978, 24),
(1, 979, 29),
(1, 980, 34),
(1, 981, 11),
(1, 982, 16),
(1, 983, 21),
(1, 984, 26),
(1, 985, 31),
(1, 986, 36),
(1, 987, 5),
(1, 988, 10),
(1, 989, 15),
(1, 990, 20),
(1, 991, 33),
(1, 992, 2),
(1, 993, 7),
(1, 994, 12),
(1, 995, 17),
(1, 996, 22),
(1, 997, 28),
(1, 998, 32),
(1, 999, 1),
(1, 1000, 6),
(1, 1001, 20),
(1, 1002, 25),
(1, 1003, 30),
(1, 1004, 35),
(1, 1005, 4),
(1, 1006, 9),
(1, 1007, 14),
(1, 1008, 19),
(1, 1009, 24),
(1, 1010, 29),
(1, 1011, 34),
(1, 1012, 11),
(1, 1013, 16),
(1, 1014, 21),
(1, 1015, 26),
(1, 1016, 31),
(1, 1017, 36),
(1, 1018, 5),
(1, 1019, 10),
(1, 1020, 15),
(1, 1021, 20),
(1, 1022, 33),
(1, 1023, 2),
(1, 1024, 7),
(1, 1025, 13),
(1, 1026, 18),
(1, 1027, 22),
(1, 1028, 27),
(1, 1029, 33),
(1, 1030, 2),
(1, 1031, 7),
(1, 1032, 20),
(1, 1033, 25),
(1, 1034, 30),
(1, 1035, 35),
(1, 1036, 4),
(1, 1037, 9),
(1, 1038, 14),
(1, 1039, 19),
(1, 1040, 24),
(1, 1041, 29),
(1, 1042, 6),
(1, 1043, 11),
(1, 1044, 16),
(1, 1045, 21),
(1, 1046, 26),
(1, 1047, 31),
(1, 1048, 36),
(1, 1049, 5),
(1, 1050, 11),
(1, 1051, 15),
(1, 1052, 20),
(1, 1053, 34),
(1, 1054, 3),
(1, 1055, 8),
(1, 1056, 13),
(1, 1057, 18),
(1, 1058, 23),
(1, 1059, 28),
(1, 1060, 33),
(1, 1061, 2),
(1, 1062, 7),
(1, 1063, 20),
(1, 1064, 25),
(1, 1065, 30),
(1, 1066, 35),
(1, 1067, 4),
(1, 1068, 9),
(1, 1069, 14),
(1, 1070, 19);

-- --------------------------------------------------------

--
-- Структура таблицы `social_networks`
--

CREATE TABLE `social_networks` (
  `id` tinyint(1) UNSIGNED NOT NULL,
  `name` varchar(32) NOT NULL
) ENGINE=InnoDB DEFAULT CHARSET=latin1;

--
-- Дамп данных таблицы `social_networks`
--

INSERT INTO `social_networks` (`id`, `name`) VALUES
(1, 'Facebook'),
(2, 'VKontakte');

--
-- Индексы сохранённых таблиц
--

--
-- Индексы таблицы `accounts`
--
ALTER TABLE `accounts`
  ADD PRIMARY KEY (`id`),
  ADD KEY `social_net` (`social_net`);

--
-- Индексы таблицы `balance`
--
ALTER TABLE `balance`
  ADD PRIMARY KEY (`id`);

--
-- Индексы таблицы `roulette`
--
ALTER TABLE `roulette`
  ADD PRIMARY KEY (`id`);

--
-- Индексы таблицы `roulette_bets`
--
ALTER TABLE `roulette_bets`
  ADD PRIMARY KEY (`id`),
  ADD KEY `roulette_id` (`roulette_id`),
  ADD KEY `account_id` (`account_id`),
  ADD KEY `raund_number` (`raund_number`);

--
-- Индексы таблицы `roulette_stat`
--
ALTER TABLE `roulette_stat`
  ADD KEY `id` (`id`),
  ADD KEY `round_number` (`raund_number`);

--
-- Индексы таблицы `social_networks`
--
ALTER TABLE `social_networks`
  ADD PRIMARY KEY (`id`);

--
-- AUTO_INCREMENT для сохранённых таблиц
--

--
-- AUTO_INCREMENT для таблицы `accounts`
--
ALTER TABLE `accounts`
  MODIFY `id` mediumint(8) UNSIGNED NOT NULL AUTO_INCREMENT, AUTO_INCREMENT=10;
--
-- AUTO_INCREMENT для таблицы `roulette`
--
ALTER TABLE `roulette`
  MODIFY `id` tinyint(1) UNSIGNED NOT NULL AUTO_INCREMENT, AUTO_INCREMENT=2;
--
-- AUTO_INCREMENT для таблицы `roulette_bets`
--
ALTER TABLE `roulette_bets`
  MODIFY `id` bigint(20) UNSIGNED NOT NULL AUTO_INCREMENT, AUTO_INCREMENT=14;
--
-- AUTO_INCREMENT для таблицы `social_networks`
--
ALTER TABLE `social_networks`
  MODIFY `id` tinyint(1) UNSIGNED NOT NULL AUTO_INCREMENT, AUTO_INCREMENT=3;
--
-- Ограничения внешнего ключа сохраненных таблиц
--

--
-- Ограничения внешнего ключа таблицы `accounts`
--
ALTER TABLE `accounts`
  ADD CONSTRAINT `accounts_ibfk_1` FOREIGN KEY (`social_net`) REFERENCES `social_networks` (`id`) ON UPDATE CASCADE;

--
-- Ограничения внешнего ключа таблицы `balance`
--
ALTER TABLE `balance`
  ADD CONSTRAINT `balance_ibfk_1` FOREIGN KEY (`id`) REFERENCES `accounts` (`id`) ON UPDATE CASCADE;

--
-- Ограничения внешнего ключа таблицы `roulette_bets`
--
ALTER TABLE `roulette_bets`
  ADD CONSTRAINT `roulette_bets_ibfk_1` FOREIGN KEY (`roulette_id`) REFERENCES `roulette` (`id`) ON UPDATE CASCADE;

--
-- Ограничения внешнего ключа таблицы `roulette_stat`
--
ALTER TABLE `roulette_stat`
  ADD CONSTRAINT `roulette_stat_ibfk_1` FOREIGN KEY (`id`) REFERENCES `roulette` (`id`);

/*!40101 SET CHARACTER_SET_CLIENT=@OLD_CHARACTER_SET_CLIENT */;
/*!40101 SET CHARACTER_SET_RESULTS=@OLD_CHARACTER_SET_RESULTS */;
/*!40101 SET COLLATION_CONNECTION=@OLD_COLLATION_CONNECTION */;
